node_id,map_id,cluster_name,title,target_keyword,keywords,article_status,page_url
8469620,,Valuation Services,Free Underwriter Review for Texas Mineral Owners,,"[""free underwriter review"",""underwriter valuation texas"",""free mineral rights review"",""confidential valuation no obligation"",""underwriter assessment mineral rights""]",Pending,/valuation/free-underwriter-review/
8469621,,Valuation Services,Competing Offer & Clawback Review Service,,"[""competing offer review"",""clawback language analysis"",""review mineral sale offers"",""protect against clawbacks"",""compare mineral offers texas""]",Pending,/valuation/competing-offer-review/
8469622,,Valuation Services,AI-Powered Pre-Qualification for Mineral Valuations,,"[""ai pre-qualification"",""mineral rights ai screening"",""fast mineral valuation prequal"",""streamlined pre-qualification texas"",""ai initial review minerals""]",Pending,/valuation/ai-pre-qualification/
8469623,,Valuation Services,Sample Texas Mineral Rights Valuation Report,,"[""sample valuation report"",""mineral rights report example"",""what valuation report looks like"",""valuation report sample texas"",""example dcf mineral report""]",Pending,/valuation/sample-report/
8469624,,Methodology,Discounted Cash Flow (DCF) Methodology Explained,,"[""discounted cash flow model"",""mineral rights dcf"",""25 year dcf projection"",""20% decline rate"",""12% discount rate valuation""]",Pending,/methodology/dcf-model/
8469625,,Methodology,25-Year Projection & 20% Annual Decline Assumptions,,"[""25 year projection"",""20 percent annual decline"",""dcf decline assumptions"",""mineral production decline model"",""projection decline rate texas""]",Pending,/methodology/decline-rate-projection/
8469626,,Methodology,Why a 12% Discount Rate Is Used,,"[""12 percent discount rate"",""dcf discount rationale"",""risk adjusted discount rate mineral rights"",""valuation discount rate texas"",""discount rate explanation mineral valuation""]",Pending,/methodology/discount-rate-rationale/
8469627,,Methodology,Public Production Data & Data Sources Used,,"[""public production data"",""texas rrc data"",""production data sources"",""mineral production public records"",""data sources for valuation texas""]",Pending,/methodology/data-sources/
8469628,,Methodology,DCF Sensitivity Analysis and Scenario Modeling,,"[""dcf sensitivity analysis"",""scenario modeling mineral rights"",""dcf scenario testing"",""stress test mineral valuation"",""valuation sensitivity texas""]",Pending,/methodology/sensitivity-analysis/
8469629,,How It Works,Confidential Valuations Without Public Listing,,"[""confidential valuation"",""no public listing mineral rights"",""private valuation service"",""avoid public offers confidential"",""no broker middlemen valuation""]",Pending,/how-it-works/confidentiality/
8469630,,How It Works,Free Valuation Model and How We Monetize,,"[""free valuation model"",""how valuation is free"",""lead gen valuation model"",""monetization advisory referral"",""transparent valuation fees explanation""]",Pending,/how-it-works/fees-monetization/
8469631,,Owner Types,Non-Resident Mineral Owners: Guidance and Valuation,,"[""non-resident mineral owners"",""out-of-state owners texas minerals"",""remote mineral valuation"",""valuing minerals from another state"",""mail in minerals valuation texas""]",Pending,/owners/non-resident/
8469632,,Owner Types,Probate and Heirs Mineral Rights Valuation,,"[""heirs mineral rights"",""probate mineral valuation"",""estate heirs texas minerals"",""inheritance mineral rights valuation"",""probate valuation guidance texas""]",Pending,/owners/heirs-probate/
8469633,,Owner Types,Mineral Rights Valuations for Investors and 1031 Exchanges,,"[""1031 exchange mineral rights"",""mineral rights investment valuation"",""investor mineral valuation"",""1031 qualified mineral appraisal"",""investment grade mineral valuation texas""]",Pending,/owners/investors-1031/
8469634,,Legal & Tax,Title Verification and Ownership Research for Mineral Rights,,"[""title verification mineral rights"",""ownership research minerals"",""probate title issues minerals"",""title disputes mineral rights"",""clear title mineral valuation texas""]",Pending,/legal-tax/title-probates/
8469635,,Legal & Tax,Identifying Clawback Clauses and Contract Red Flags,,"[""clawback clauses mineral contracts"",""contract red flags mineral sale"",""protect against clawbacks"",""clawback examples texas"",""mineral sale contract review""]",Pending,/legal-tax/clawbacks-contracts/
8469636,,Legal & Tax,Understanding Royalty Taxes and Reporting in Texas,,"[""royalty taxation texas"",""reporting mineral royalties"",""royalty tax obligations"",""texas mineral tax guidance"",""how royalties taxed texas""]",Pending,/legal-tax/royalty-taxation/
8469637,,Market Data & Trends,How Oil and Gas Prices Affect Mineral Valuations,,"[""oil gas price impact valuation"",""commodity prices mineral valuation"",""brent wti impact minerals"",""price sensitivity mineral rights"",""energy prices valuation texas""]",Pending,/market-trends/price-impact/
8469638,,Market Data & Trends,When to Sell Mineral Rights: Seasonal and Market Timing,,"[""when to sell mineral rights"",""seasonal selling minerals"",""best time to sell mineral rights"",""market timing minerals texas"",""seasonal mineral value strategies""]",Pending,/market-trends/seasonal-timing/
8469639,,Comparisons,Broker vs Underwriter: Which Valuation Path Is Best?,,"[""broker vs underwriter"",""broker offers mineral rights"",""underwriter valuation benefits"",""broker commission vs underwriter"",""independent valuation advantages texas""]",Pending,/compare/broker-vs-underwriter/
8469640,,Comparisons,Selling Mineral Rights vs Holding for Royalty Income,,"[""sell mineral rights vs hold"",""immediate cash vs royalties"",""monetize minerals now or later"",""royalty stream valuation sell vs hold"",""decision matrix sell or keep minerals""]",Pending,/compare/sell-vs-hold/
8469641,,Resources,Mineral Rights Glossary: Terms Owners Should Know,,"[""mineral rights glossary"",""royalty terms glossary"",""lease terms glossary"",""mineral definition glossary"",""common mineral terms texas""]",Pending,/resources/glossary/
8469642,,Resources,How Our Valuation Calculator Works,,"[""valuation calculator mineral rights"",""how valuation calculator works"",""diy valuation tool overview"",""online valuation calculator texas"",""calculator for mineral worth""]",Pending,/resources/calculator-overview/
8469643,,Case Studies,Probate Mineral Valuation Case Study for Heirs,,"[""heirs probate case study"",""mineral probate valuation example"",""inheritance valuation case"",""estate minerals case study"",""probate outcome mineral rights texas""]",Pending,/case-studies/heirs-probate/
8469644,,Case Studies,Competing Offer Analysis: Clawback Prevention Example,,"[""competing offer case study"",""clawback prevention case"",""offer review case study"",""mineral sale negotiation example"",""protecting owner case study texas""]",Pending,/case-studies/competing-offer/
8469645,,Trust & Authority,About Our Valuation Methodology and Team,,"[""valuation methodology transparency"",""about mineral rights xchange"",""our team mineral valuation"",""expert underwriters texas"",""valuation methodology published""]",Pending,/about/methodology-team/
8469646,,Trust & Authority,Privacy and Data Handling for Mineral Owners,,"[""privacy data handling mineral rights"",""confidential valuation privacy"",""owner data protection texas"",""how we handle data mineral valuations"",""secure valuation process""]",Pending,/about/privacy/
8469647,,Quick Reference,Document Checklist for a Mineral Valuation,,"[""valuation document checklist"",""what documents for valuation"",""documents needed mineral review"",""prepare for valuation checklist"",""valuation paperwork texas""]",Pending,/faq/document-checklist/
8469648,,Quick Reference,How to Read Your Mineral Valuation Report,,"[""how to read valuation report"",""understand valuation report"",""mineral report guide"",""interpret valuation results texas"",""report walkthrough mineral valuation""]",Pending,/faq/read-valuation-report/
8469649,,Quick Reference,Valuation Timeline: From Pre-Qualification to Report,,"[""valuation timeline 90 days"",""valuation timeline mineral rights"",""how long valuation takes"",""report delivery timeline texas"",""valuation process timeline guide""]",Pending,/faq/valuation-timeline/
8469650,,Quick Reference,Top 10 Contract Red Flags for Mineral Sellers,,"[""contract red flags top 10"",""quick red flags mineral contracts"",""what to avoid in mineral sale"",""clawback quick checklist"",""contract warning signs mineral rights""]",Pending,/faq/top-10-contract-red-flags/
8469651,,Supporting Content,Understanding Royalty Payment Schedules,,"[""royalty payment schedule"",""when royalties paid"",""royalty payment cycle mineral rights"",""royalty check schedule texas"",""how royalty payments work""]",Pending,/support/royalty-payment-schedule/
8469652,,Supporting Content,Mineral Rights vs Leasehold: Key Differences,,"[""mineral rights vs lease"",""lease vs mineral ownership"",""difference mineral and leasehold"",""who owns minerals vs surface"",""leasehold mineral clarification texas""]",Pending,/support/lease-vs-mineral-rights/
8469653,,Supporting Content,Valuing Non-Producing Orphaned Mineral Interests,,"[""non producing mineral valuation"",""orphaned interest valuation"",""how to value shut in wells"",""non producing minerals texas"",""late stage interest valuation""]",Pending,/support/non-producing-valuation/
8469654,,Supporting Content,Working Interest vs Royalty Interest Explained,,"[""working interest vs royalty"",""wi vs ri mineral rights"",""interest types mineral ownership"",""royalty interest explained working interest"",""ownership interest comparison texas""]",Pending,/support/working-vs-royalty/
8469655,,Supporting Content,How to Retrieve Production Records for Valuation,,"[""retrieve production records"",""how to get production data"",""RRc production records"",""county production data texas"",""collecting production history minerals""]",Pending,/support/gather-production-records/
8469656,,Supporting Content,How to Vet Mineral Buyers,,"[""vet mineral buyers checklist"",""how to vet buyer mineral rights"",""buyer due diligence minerals"",""avoid predatory buyers checklist"",""buyer vetting texas""]",Pending,/support/buyer-vetting-checklist/
8469657,,Supporting Content,Negotiation Tactics for Mineral Sellers,,"[""negotiation tips mineral sale"",""how to negotiate mineral offer"",""seller negotiation minerals"",""improve offer negotiation texas"",""negotiation checklist mineral rights""]",Pending,/support/negotiation-tactics/
8469658,,Supporting Content,Interpreting Royalty Clauses in Leases,,"[""interpret royalty clause"",""read lease royalty clause"",""royalty clause explanation"",""lease royalty interpretation texas"",""common royalty clause language""]",Pending,/support/royalty-clause-explainer/
8469659,,Supporting Content,Valuing Small Fractional Mineral Interests,,"[""small fractional mineral valuation"",""value small mineral interest"",""minority interest valuation minerals"",""partial ownership valuation texas"",""how much is small mineral interest worth""]",Pending,/support/small-interest-valuation/
8469660,,Supporting Content,Production Decline and Future Royalty Projections,,"[""production decline royalties"",""impact decline on royalties"",""royalty projection decline"",""declining production effects minerals"",""royalty forecasting texas""]",Pending,/support/production-decline-royalties/
8469661,,Supporting Content,Verifying Production & Lease Data Accuracy,,"[""data quality checks production"",""verify lease data"",""validate production numbers"",""mineral data verification texas"",""check public data accuracy""]",Pending,/support/data-quality-checks/
8469662,,Supporting Content,Recognizing and Avoiding Predatory Mineral Buyers,,"[""avoid predatory buyers"",""recognize predatory mineral offers"",""protect against bad offers"",""mineral scams texas"",""scam prevention mineral sellers""]",Pending,/support/avoid-predatory-offers/
8469663,,Supporting Content,Preparing Documents for Transfer of Mineral Rights,,"[""transfer documents mineral rights"",""sale documentation minerals"",""how to transfer mineral ownership"",""closing documents mineral sale texas"",""required paperwork mineral transfer""]",Pending,/support/transfer-documentation/
8469664,,Local,Mineral Rights Valuation Services in Houston,,"[""mineral rights valuation houston"",""free underwriter review houston"",""how much are mineral rights worth houston"",""houston mineral valuation service"",""mineral valuation near me houston""]",Pending,/local/houston/
8469665,,Local,Mineral Valuation in Energy Corridor Houston,,"[""mineral valuation energy corridor"",""energy corridor mineral rights"",""valuation services near energy corridor"",""energy corridor oil gas minerals"",""local valuation energy corridor""]",Pending,/local/houston-energy-corridor/
8469666,,Local,Mineral Rights Valuation The Woodlands,,"[""mineral valuation the woodlands"",""woodlands mineral rights valuation"",""pricing mineral rights woodlands"",""the woodlands valuation service"",""local valuation the woodlands""]",Pending,/local/houston-the-woodlands/
8469667,,Local,Mineral Rights Valuation Services in Dallas,,"[""mineral rights valuation dallas"",""free underwriter review dallas"",""how much mineral rights dallas"",""dallas mineral valuation service"",""mineral valuation near me dallas""]",Pending,/local/dallas/
8469668,,Local,Mineral Valuation Denton County,,"[""mineral valuation denton county"",""denton county mineral rights"",""denton valuation service"",""county mineral valuation denton"",""local mineral appraisal denton""]",Pending,/local/dallas-denton-county/
8469669,,Local,Mineral Rights Valuation Services in Fort Worth,,"[""mineral rights valuation fort worth"",""free underwriter review fort worth"",""fort worth mineral value"",""local mineral valuation fort worth"",""mineral valuation near me fort worth""]",Pending,/local/fort-worth/
8469670,,Local,Tarrant County Mineral Rights Valuation,,"[""mineral valuation tarrant county"",""tarrant county minerals valuation"",""county valuation tarrant"",""how to value minerals tarrant"",""local valuation tarrant county""]",Pending,/local/fort-worth-tarrant-county/
8469671,,Local,Mineral Rights Valuation Services in Austin,,"[""mineral rights valuation austin"",""free underwriter review austin"",""austin mineral rights value"",""local valuation austin"",""mineral valuation near me austin""]",Pending,/local/austin/
8469672,,Local,Travis County Mineral Rights Valuation,,"[""mineral valuation travis county"",""county mineral valuation travis"",""travis county minerals valuation"",""austin area mineral valuation"",""travis valuation service""]",Pending,/local/austin-travis-county/
8469673,,Local,Mineral Rights Valuation Services in San Antonio,,"[""mineral rights valuation san antonio"",""free underwriter review san antonio"",""san antonio mineral appraisal"",""local mineral valuation san antonio"",""mineral valuation near me san antonio""]",Pending,/local/san-antonio/
8469674,,Local,Bexar County Mineral Rights Valuation,,"[""mineral valuation bexar county"",""bexar county minerals valuation"",""san antonio county valuation"",""bexar mineral appraisal"",""local valuation bexar""]",Pending,/local/san-antonio-bexar-county/
8469675,,Local,Mineral Rights Valuation Services in Corpus Christi,,"[""mineral rights valuation corpus christi"",""free underwriter review corpus christi"",""corpus christi mineral value"",""local mineral valuation corpus christi"",""mineral valuation near me corpus christi""]",Pending,/local/corpus-christi/
8469676,,Local,Nueces County Mineral Rights Valuation,,"[""mineral valuation nueces county"",""nueces county minerals valuation"",""corpus county mineral valuation"",""nueces mineral appraisal"",""county mineral records nueces""]",Pending,/local/corpus-christi-nueces-county/
8469677,,Local,Mineral Rights Valuation Services in Midland,,"[""mineral rights valuation midland"",""free underwriter review midland"",""midland mineral appraisal"",""local mineral valuation midland"",""oil patch mineral valuation midland""]",Pending,/local/midland/
8469678,,Local,Ector County Mineral Rights Valuation,,"[""mineral valuation ector county"",""ector county minerals valuation"",""odessa area mineral valuation"",""ector mineral appraisal"",""permian county valuation ector""]",Pending,/local/midland-ector-county/
8469679,,Local,Mineral Rights Valuation Services in Odessa,,"[""mineral rights valuation odessa"",""free underwriter review odessa"",""odessa mineral appraisal"",""local mineral valuation odessa"",""permian basin mineral valuation odessa""]",Pending,/local/odessa/
8469680,,Local,Mineral Rights Valuation Services in Amarillo,,"[""mineral rights valuation amarillo"",""free underwriter review amarillo"",""amarillo mineral appraisal"",""local mineral valuation amarillo"",""north texas mineral valuation amarillo""]",Pending,/local/amarillo/
8469681,,Local,Mineral Rights Valuation Services in Lubbock,,"[""mineral rights valuation lubbock"",""free underwriter review lubbock"",""lubbock mineral appraisal"",""local mineral valuation lubbock"",""caprock minerals valuation lubbock""]",Pending,/local/lubbock/
8469682,,Local,Potter County Mineral Rights Valuation,,"[""potter county mineral valuation"",""potter county minerals appraisal"",""amarillo county mineral valuation"",""potter county production data"",""county valuation potter""]",Pending,/local/amarillo-potter-county/
8469683,,Local,Mineral Rights Valuation Services in El Paso,,"[""mineral rights valuation el paso"",""free underwriter review el paso"",""el paso mineral appraisal"",""local mineral valuation el paso"",""west texas mineral valuation el paso""]",Pending,/local/el-paso/
8469684,,Local,Mineral Rights Valuation Services in Brownsville,,"[""mineral rights valuation brownsville"",""free underwriter review brownsville"",""brownsville mineral valuation"",""gulf coast mineral appraisal brownsville"",""local mineral valuation brownsville""]",Pending,/local/brownsville/
8469685,,Local,Mineral Rights Valuation Services in McAllen,,"[""mineral rights valuation mcallen"",""free underwriter review mcallen"",""mcallen mineral appraisal"",""rgv mineral valuation mcallen"",""local valuation mcallen""]",Pending,/local/mcallen/
8469686,,Local,Hidalgo County Mineral Rights Valuation,,"[""mineral valuation hidalgo county"",""hidalgo county mineral appraisal"",""rgv county minerals valuation"",""hidalgo mineral valuation texas"",""county mineral records hidalgo""]",Pending,/local/mcallen-hidalgo-county/
8469687,,Local,Mineral Rights Valuation Services in Beaumont,,"[""mineral rights valuation beaumont"",""free underwriter review beaumont"",""beaumont mineral appraisal"",""local mineral valuation beaumont"",""port arthur mineral valuation beaumont""]",Pending,/local/beaumont/
8469688,,Local,Mineral Rights Valuation Services in Port Arthur,,"[""mineral rights valuation port arthur"",""free underwriter review port arthur"",""port arthur mineral appraisal"",""gulf coast mineral valuation port arthur"",""local mineral valuation port arthur""]",Pending,/local/beaumont-port-arthur/
8469689,,Local,Mineral Rights Valuation Services in Galveston,,"[""mineral rights valuation galveston"",""free underwriter review galveston"",""galveston mineral appraisal"",""gulf minerals valuation galveston"",""local valuation galveston""]",Pending,/local/galveston/
8469690,,Local,Brazoria County Mineral Rights Valuation,,"[""mineral valuation brazoria county"",""brazoria county minerals appraisal"",""gulf county mineral valuation"",""brazoria mineral records valuation"",""local valuation brazoria""]",Pending,/local/galveston-brazoria-county/
8469691,,Local,Mineral Rights Valuation Services in College Station,,"[""mineral rights valuation college station"",""free underwriter review college station"",""aggie area mineral appraisal"",""local valuation college station"",""brazi county valuation college station""]",Pending,/local/college-station/
8469692,,Local,Mineral Rights Valuation Services in Bryan,,"[""mineral rights valuation bryan"",""free underwriter review bryan"",""bryan mineral appraisal"",""local valuation bryan"",""brazos county mineral valuation bryan""]",Pending,/local/college-station-bryan/
8469693,,Local,Mineral Rights Valuation Services in Waco,,"[""mineral rights valuation waco"",""free underwriter review waco"",""waco mineral appraisal"",""local mineral valuation waco"",""mcclennan county valuation waco""]",Pending,/local/waco/
8469694,,Local,Mineral Rights Valuation Services in Temple,,"[""mineral rights valuation temple"",""free underwriter review temple"",""temple mineral appraisal"",""local mineral valuation temple"",""bell county valuation temple""]",Pending,/local/waco-temple/
8469695,,Local,Mineral Rights Valuation Services in Killeen,,"[""mineral rights valuation killeen"",""free underwriter review killeen"",""killeen mineral appraisal"",""local valuation killeen"",""bell county minerals killeen""]",Pending,/local/killeen/
8469696,,Local,Mineral Rights Valuation Services in San Angelo,,"[""mineral rights valuation san angelo"",""free underwriter review san angelo"",""san angelo mineral appraisal"",""local mineral valuation san angelo"",""concho basin valuation san angelo""]",Pending,/local/san-angelo/
8469697,,Local,Mineral Rights Valuation Services in Abilene,,"[""mineral rights valuation abilene"",""free underwriter review abilene"",""abilene mineral appraisal"",""local mineral valuation abilene"",""taylor county mineral valuation abilene""]",Pending,/local/abilene/
8469698,,Local,Mineral Rights Valuation Services in Wichita Falls,,"[""mineral rights valuation wichita falls"",""free underwriter review wichita falls"",""wf mineral appraisal"",""local mineral valuation wichita falls"",""wichita county valuation wf""]",Pending,/local/wichita-falls/
8469699,,Local,Mineral Rights Valuation Services in Denton,,"[""mineral rights valuation denton"",""free underwriter review denton"",""denton mineral appraisal"",""local mineral valuation denton"",""denton county mineral valuation""]",Pending,/local/denton/
8469700,,Local,Collin County Mineral Rights Valuation,,"[""mineral valuation collin county"",""collin county mineral appraisal"",""plano frisco mineral valuation"",""collin county production data"",""local valuation collin""]",Pending,/local/dallas-collin-county/
8469701,,Local,Mineral Rights Valuation Services in Plano,,"[""mineral rights valuation plano"",""free underwriter review plano"",""plano mineral appraisal"",""local valuation plano"",""collin mineral valuation plano""]",Pending,/local/plano/
8469702,,Local,Mineral Rights Valuation Services in Frisco,,"[""mineral rights valuation frisco"",""free underwriter review frisco"",""frisco mineral appraisal"",""local mineral valuation frisco"",""frisco valuation service""]",Pending,/local/frisco/
8469703,,Local,Mineral Rights Valuation Services in Irving,,"[""mineral rights valuation irving"",""free underwriter review irving"",""irving mineral appraisal"",""local valuation irving"",""dallas area mineral valuation irving""]",Pending,/local/irving/
8469704,,Local,Mineral Rights Valuation Services in Round Rock,,"[""mineral rights valuation round rock"",""free underwriter review round rock"",""round rock mineral appraisal"",""local valuation round rock"",""round rock travis county valuation""]",Pending,/local/round-rock/
8469705,,Trust & Authority,Client Testimonials and Verified Reviews,,"[""mineral valuation testimonials"",""client reviews mineral rights"",""owner success stories valuation"",""verified reviews mineral services"",""testimonials texas mineral valuation""]",Pending,/about/testimonials/
8469706,,Supporting Content,Press Mentions and Media on Mineral Rights Xchange,,"[""press mineral rights xchange"",""media coverage valuation service"",""mineral rights xchange press"",""news about mineral valuation"",""publicity valuation methodology""]",Pending,/about/press/
8469707,,Supporting Content,Partner Network and Referral Partners,,"[""industry partnerships mineral valuation"",""referral partners mineral services"",""valuation partner network"",""legal and broker partners minerals"",""affiliate professional network mineral rights""]",Pending,/about/partners/
8469708,,Supporting Content,Seasonal Content: Market Timing and Tax Deadlines,,"[""seasonal mineral content"",""market timing seasonal minerals"",""tax deadlines mineral royalties"",""seasonal selling minerals guide"",""quarterly valuation topics texas""]",Pending,/blog/seasonal-topics/
8469709,,Supporting Content,Commodity & Regulatory Alerts,,"[""commodity alerts mineral owners"",""regulatory alerts texas rrc"",""market alerts mineral rights"",""oil price alerts minerals"",""rrc reporting changes alerts""]",Pending,/blog/news-alerts/
8469710,,Supporting Content,Competitor Gap Content: What Owners Ask,,"[""Content gaps for mineral owners"",""competitor content gap analysis"",""mineral rights FAQ gaps"",""owner questions not answered"",""content opportunities mineral services""]",Pending,/blog/content-gap-analysis/
8469711,,Supporting Content,"Live Webinars: Valuation, Contracts, and Probate",,"[""mineral rights webinars"",""live valuation webinars"",""contract webinar mineral rights"",""probate webinar mineral owners"",""educational webinars texas minerals""]",Pending,/resources/webinars/
8469712,,Supporting Content,Newsletter Content Strategy for Owners,,"[""mineral rights newsletter"",""owner email content"",""valuation newsletter texas"",""lead nurture mineral rights"",""email tips mineral owners""]",Pending,/resources/newsletter/
8469713,,Supporting Content,Data Security for Client Records,,"[""data security mineral valuations"",""secure valuation data"",""client record protection mineral rights"",""data handling security texas"",""secure report delivery minerals""]",Pending,/about/data-security/
8469714,,Educational Content,What Are Mineral Rights and How They Work,,"[""mineral rights definition"",""ownership explained"",""royalties basics""]",Pending,/guides/what-are-mineral-rights/
8469715,,Educational Content,How Mineral Ownership Is Recorded in Texas,,"[""mineral deed records"",""ownership records"",""texas mineral registry""]",Pending,/guides/ownership-records/
8469716,,Educational Content,Discounted Cash Flow (DCF) Explained for Owners,,"[""dcf valuation"",""discounted cash flow"",""mineral valuation basics""]",Pending,/guides/dcf-explained/
8469717,,Educational Content,Decline Rates and Production Forecasting Explained,,"[""decline rate"",""production forecast"",""decline curve analysis""]",Pending,/guides/decline-rates/
8469718,,Educational Content,Why Discount Rates Matter in Valuations,,"[""discount rate"",""valuation discounting"",""time value of money""]",Pending,/guides/discount-rate/
8469719,,Educational Content,Why 25-Year Cash Flow Projections Are Used,,"[""25-year projection"",""valuation horizon"",""long-term cash flows""]",Pending,/guides/25-year-projections/
8469720,,Educational Content,Our DCF Valuation Methodology Explained,,"[""valuation methodology"",""transparent assumptions"",""dcf method disclosure""]",Pending,/guides/methodology/
8469721,,Educational Content,Preparing Documents for a Mineral Valuation,,"[""valuation documents"",""what to provide"",""production records""]",Pending,/guides/prep-documents/
8469722,,Educational Content,Reading Oil & Gas Production Reports for Owners,,"[""production report guide"",""monthly production"",""royalty statement basics""]",Pending,/guides/read-production/
8469723,,Educational Content,Checking Well Activity and Production Status,,"[""well activity search"",""pod wells"",""production status""]",Pending,/guides/check-well-activity/
8469724,,Educational Content,Evaluating Purchase Offers for Mineral Owners,,"[""offer evaluation"",""purchase offer review"",""clawback awareness""]",Pending,/guides/evaluate-offer/
8469725,,Educational Content,Probate and Inherited Mineral Rights in Texas,,"[""probate mineral rights"",""inherited royalties"",""estate guidance""]",Pending,/guides/probate-inheritance/
8469726,,Educational Content,Tax Considerations for Mineral Rights Owners,,"[""mineral rights taxes"",""royalty tax"",""income tax considerations""]",Pending,/guides/tax-basics/
8469727,,Educational Content,Key Sensitivity Analyses in Mineral Valuations,,"[""valuation sensitivity"",""scenario analysis"",""price volatility""]",Pending,/guides/valuation-sensitivities/
8469728,,Educational Content,Modeling Production Profiles for Valuation,,"[""production modeling"",""decline curve model"",""forecast techniques""]",Pending,/guides/production-modeling/
8469729,,Educational Content,How Lease Terms Affect Mineral Value,,"[""lease burden impact"",""royalty rate effects"",""lease terms valuation""]",Pending,/guides/lease-terms-impact/
8469730,,Educational Content,Mineral Rights vs Royalty Interests Explained,,"[""mineral vs royalty"",""interest types"",""ownership differences""]",Pending,/guides/mineral-vs-royalty/
8469731,,Adjacent Topics,How Oil and Gas Are Produced in Texas,,"[""oil and gas extraction"",""upstream operations"",""well lifecycle""]",Pending,/adjacent-topics/oil-gas-basics/
8469732,,Adjacent Topics,Understanding Natural Gas Markets and Pricing,,"[""natural gas markets"",""price drivers"",""gas fundamentals""]",Pending,/adjacent-topics/gas-markets/
8469733,,Adjacent Topics,What Drives Oil Prices and Volatility,,"[""oil price drivers"",""commodity volatility"",""market fundamentals""]",Pending,/adjacent-topics/oil-prices/
8469734,,Adjacent Topics,"Surface Use, Easements, and Landowner Rights",,"[""surface rights"",""easements"",""landowner obligations""]",Pending,/adjacent-topics/surface-rights/
8469735,,Adjacent Topics,Common Oil and Gas Lease Clauses Explained,,"[""lease clause guide"",""habendum"",""pooling assignment""]",Pending,/adjacent-topics/lease-clauses/
8469736,,Adjacent Topics,Investing in Mineral Rights: Pros and Cons,,"[""mineral investment"",""passive income"",""asset diversification""]",Pending,/adjacent-topics/investing-minerals/
8469737,,Adjacent Topics,Using Mineral Rights in a 1031 Exchange,,"[""1031 exchange minerals"",""like-kind exchange"",""investment swap""]",Pending,/adjacent-topics/1031-exchange/
8469738,,Adjacent Topics,Estate Planning for Mineral Owners,,"[""estate planning minerals"",""trusts and minerals"",""heir protections""]",Pending,/adjacent-topics/estate-planning/
8469739,,Adjacent Topics,Environmental Issues Around Energy Production,,"[""environmental impact"",""oil gas pollution"",""regulatory compliance""]",Pending,/adjacent-topics/environmental-issues/
8469740,,Adjacent Topics,Overview of Major Texas Oil & Gas Basins,,"[""permian basin"",""eagle ford"",""delaware basin"",""texas basins""]",Pending,/adjacent-topics/tx-basins/
8469741,,Adjacent Topics,Public Data Sources for Production and Ownership,,"[""proration units"",""production databases"",""rrc data""]",Pending,/adjacent-topics/data-sources/
8469742,,Lifestyle & Context,How to Incorporate Royalty Income into Personal Finance,,"[""royalty budgeting"",""passive income planning"",""royalty cash flow""]",Pending,/lifestyle/royalty-income-budget/
8469743,,Lifestyle & Context,How to Discuss Mineral Rights with Family and Heirs,,"[""heir communication"",""estate conversations"",""ownership clarity""]",Pending,/lifestyle/talk-to-heirs/
8469744,,Lifestyle & Context,Managing Texas Mineral Interests from Out-of-State,,"[""nonresident owner tips"",""remote management"",""proxy contacts""]",Pending,/lifestyle/nonresident-owners/
8469745,,Lifestyle & Context,How to Decide Whether to Sell Mineral Interests,,"[""hold vs sell minerals"",""selling decision"",""valuation checklist""]",Pending,/lifestyle/hold-or-sell/
8469746,,Lifestyle & Context,Using Mineral Income in Retirement Planning,,"[""retirement income minerals"",""annuity alternative"",""passive income retirement""]",Pending,/lifestyle/retirement-planning/
8469747,,Lifestyle & Context,Finding Financial Advisors for Mineral Owners,,"[""advisor selection"",""mineral advisor"",""fee-only advisor tips""]",Pending,/lifestyle/working-with-advisors/
8469748,,Lifestyle & Context,Resources to Educate Family Members About Minerals,,"[""educate heirs"",""mineral education"",""family resources""]",Pending,/lifestyle/educate-heirs/
8469749,,Lifestyle & Context,What to Expect Living Near Oil and Gas Operations,,"[""living near wells"",""community impact"",""noise and traffic""]",Pending,/lifestyle/living-near-wells/
8469750,,News & Trends,Texas Royalty Market: Trends and Outlook,,"[""royalty market outlook"",""texas mineral trends"",""price forecast""]",Pending,/industry-trends/market-outlook/
8469751,,News & Trends,Recent Regulatory Changes Affecting Mineral Owners,,"[""texas rrc rules"",""regulatory changes"",""owner impact""]",Pending,/industry-trends/regulatory-updates/
8469752,,News & Trends,How AI Is Changing Mineral Valuations,,"[""ai valuations"",""automated prequalification"",""data analytics""]",Pending,/industry-trends/ai-valuation/
8469753,,News & Trends,Trends in Mineral Sales and Buyer Behavior,,"[""mineral sales trends"",""buyer activity"",""market liquidity""]",Pending,/industry-trends/deal-trends/
8469754,,News & Trends,How Oil & Gas Prices Affect Mineral Values,,"[""commodity impact"",""price sensitivity"",""royalty value correlation""]",Pending,/industry-trends/price-impact/
8469755,,News & Trends,County Production and Activity Summaries in Texas,,"[""county production data"",""local activity"",""well counts""]",Pending,/industry-trends/county-activity/
8469756,,News & Trends,Notable Legal Cases Affecting Mineral Owners,,"[""mineral litigation"",""case updates"",""legal precedent""]",Pending,/industry-trends/legal-cases/
8469757,,News & Trends,Energy Transition and ESG Trends Impacting Mineral Owners,,"[""energy transition"",""esg impacts"",""future demand""]",Pending,/industry-trends/esg-trends/
8469758,,Resources & Tools,Royalty Income Estimator (How Much You Might Receive),,"[""royalty estimator"",""income calculator"",""production calculator""]",Pending,/resources/royalty-estimator/
8469759,,Resources & Tools,Simple DCF Demo Calculator for Owners,,"[""dcf calculator"",""valuation demo"",""discounted cash flow tool""]",Pending,/resources/dcf-calculator/
8469760,,Resources & Tools,Checklist: Documents Needed for Underwriter Review,,"[""valuation checklist"",""required documents"",""prep checklist""]",Pending,/resources/checklist-documents/
8469761,,Resources & Tools,Template: Communicating Mineral Ownership to Heirs,,"[""heir letter template"",""ownership notification"",""estate template""]",Pending,/resources/heir-letter/
8469762,,Resources & Tools,"Directory: Texas Landmen, Attorneys, and CPA Contacts",,"[""texas landmen"",""directory attorneys"",""cpa directory""]",Pending,/resources/local-directory/
8469763,,Resources & Tools,Checklist for Reviewing Competing Purchase Offers,,"[""offer review checklist"",""competing offers"",""contract review""]",Pending,/resources/offer-checklist/
8469764,,Resources & Tools,Mineral Rights Frequently Asked Questions,,"[""mineral faqs"",""common questions"",""owner help""]",Pending,/resources/faq/
8469765,,Resources & Tools,Public Data Sources for Texas Production and Ownership,,"[""public data rrc"",""production databases"",""data sources""]",Pending,/resources/data-sources/
8469766,,Community & Careers,Careers Related to Mineral Rights and Valuation,,"[""valuation careers"",""energy analyst jobs"",""landman careers""]",Pending,/community/careers/
8469767,,Community & Careers,Workshops and Webinars for Mineral Owners,,"[""owner workshops"",""educational webinars"",""events calendar""]",Pending,/community/events/
8469768,,Community & Careers,Landowner and Mineral Owner Associations,,"[""landowner associations"",""advocacy groups"",""owner support""]",Pending,/community/associations/
8469769,,Community & Careers,Online Forums and Groups for Mineral Owners,,"[""online communities"",""owner forum"",""peer support""]",Pending,/community/online-groups/
8469770,,Community & Careers,Training and Certification Resources for Landmen and Analysts,,"[""training landman"",""certification resources"",""industry courses""]",Pending,/community/training/
8469771,,Community & Careers,How Mineral Owners Can Support Local Communities,,"[""community projects"",""royalty grants"",""local impact""]",Pending,/community/community-projects/
8469772,,Comparisons & Reviews,Comparing Valuation Methods for Mineral Rights,,"[""valuation comparison"",""dcf vs market"",""valuation methods""]",Pending,/comparisons/methods/
8469773,,Comparisons & Reviews,Independent Underwriter vs Broker Comparison,,"[""independent underwriter"",""broker comparison"",""second opinion""]",Pending,/comparisons/underwriter-vs-broker/
8469774,,Comparisons & Reviews,Types of Mineral Buyers Explained and Compared,,"[""private buyers"",""buyer types"",""mineral purchasers""]",Pending,/comparisons/buyer-types/
8469775,,Comparisons & Reviews,Comparing Common Offer Structures and Clauses,,"[""offer structures"",""clawback comparison"",""payout structures""]",Pending,/comparisons/offer-structures/
8469776,,Comparisons & Reviews,Review of Common Valuation Tools and Data Providers,,"[""valuation tools review"",""data vendors"",""service ratings""]",Pending,/comparisons/valuation-tools/
8469777,,Comparisons & Reviews,Comparing Online Marketplaces and Auctions for Minerals,,"[""marketplace comparison"",""online mineral sales"",""auction platforms""]",Pending,/comparisons/marketplaces/
8469778,,Comparisons & Reviews,Translating Offers into Effective Price Per Net Acre,,"[""price per acre comparison"",""net acreage pricing"",""offer math""]",Pending,/comparisons/price-per-acre/
8469779,,Comparisons & Reviews,Comparing Risk and Liquidity Across Options,,"[""risk compare"",""liquidity analysis"",""owner risk profile""]",Pending,/comparisons/risk-liquidity/
8469780,,Faq & Troubleshooting,Privacy and Confidentiality in Mineral Valuations,,"[""confidential review"",""privacy policy"",""data security""]",Pending,/faq/confidentiality/
8469781,,Faq & Troubleshooting,How to Read and Interpret a Valuation Report,,"[""valuation report guide"",""interpret results"",""report glossary""]",Pending,/faq/interpret-valuation/
8469782,,Faq & Troubleshooting,Troubleshooting Common Issues With Production Data,,"[""data mismatches"",""production errors"",""fixing records""]",Pending,/faq/data-troubleshoot/
8469783,,Faq & Troubleshooting,Understanding Clawback Clauses in Purchase Offers,,"[""clawback explained"",""contract clawback"",""offer red flags""]",Pending,/faq/clawback/
8469784,,Faq & Troubleshooting,When to Consult an Attorney or Tax Professional,,"[""legal advice minerals"",""tax advisor referral"",""professional help""]",Pending,/faq/consult-professional/
8469785,,Faq & Troubleshooting,Who Qualifies for Our Free Underwriter Review,,"[""free review eligibility"",""prequalification criteria"",""owner eligibility""]",Pending,/faq/eligibility/
8469786,,Faq & Troubleshooting,How Our AI-Powered Pre-Qualification Works,,"[""ai prequalification"",""automated screening"",""data-driven review""]",Pending,/faq/ai-prequal/
8469787,,Faq & Troubleshooting,"Fees, Commissions, and Obligations Explained",,"[""fees obligations"",""free review terms"",""no-obligation service""]",Pending,/faq/fees/
8469788,,Industry Information,Understanding Production and Payment Cycles,,"[""production cycles"",""royalty payment timing"",""reporting cadence""]",Pending,/industry/production-cycles/
8469789,,Industry Information,How the Texas Railroad Commission Regulates Production,,"[""rrc overview"",""regulatory role"",""permitting process""]",Pending,/industry/rrc-basics/
8469790,,Industry Information,"Unitization,Pooling, and Their Effects on Owners",,"[""unitization pooling"",""proration unit"",""lease pooling""]",Pending,/industry/unitization-pooling/
8469791,,Industry Information,"Midstream Services,Gathering,And Netbacks Explained",,"[""midstream impact"",""netback effects"",""gathering fees""]",Pending,/industry/midstream-effects/
8469792,,Industry Information,Decline Curve Types and What They Mean,,"[""exponential decline"",""hyperbolic decline"",""decline types""]",Pending,/industry/decline-types/
8469793,,Industry Information,Texas Severance Taxes and Mineral Income,,"[""severance tax"",""owner tax impact"",""state tax texas""]",Pending,/industry/severance-tax/
8469794,,Industry Information,How Operators Publish Royalty Schedules,,"[""operator payment timing"",""operator differences"",""royalty calendar""]",Pending,/industry/operator-payment-schedules/
8469795,,Industry Information,Limitations of Public Production Data,,"[""data limitations"",""report lag"",""reporting errors""]",Pending,/industry/data-quality/
8469796,,Industry Information,Market Liquidity for Mineral Interests,,"[""market liquidity"",""sale timing"",""exit options""]",Pending,/industry/liquidity-options/
8469797,,Tools & Calculators,Net Revenue and Lease Burden Calculator,,"[""net revenue calculator"",""lease burden"",""royalty math""]",Pending,/tools/net-revenue-calculator/
8469798,,Tools & Calculators,Downloadable Offer Comparison Template,,"[""offer comparison template"",""spreadsheet download"",""compare offers""]",Pending,/tools/offer-comparison/
8469799,,Tools & Calculators,Scenario Planning Worksheet for Hold vs Sell,,"[""scenario worksheet"",""hold sell analysis"",""decision tool""]",Pending,/tools/scenario-worksheet/
8469800,,Tools & Calculators,How to Lookup Production Data Quickly,,"[""production lookup tips"",""rrc lookup"",""data search tips""]",Pending,/tools/data-lookup-tips/
8469801,,Tools & Calculators,Recommended Mobile Apps for Tracking Production,,"[""mobile apps production"",""owner apps"",""data alerts""]",Pending,/tools/mobile-apps/
8469802,,Tools & Calculators,After-Tax Valuation Estimator for Owners,,"[""after-tax calculator"",""tax adjusted valuation"",""net proceeds estimate""]",Pending,/tools/after-tax-estimator/
8469803,,Comparisons & Reviews,How to Vet a Mineral Buyer or Broker,,"[""buyer vetting"",""reputation checklist"",""buyer red flags""]",Pending,/comparisons/buyer-vetting/
8469804,,Educational Content,Common Oil & Gas Abbreviations and Acronyms,,"[""abbreviations glossary"",""oil gas acronyms"",""term list""]",Pending,/guides/abbreviations/
8469805,,News & Trends,Local Property and County Taxes Impacting Owners,,"[""county taxes"",""property tax mineral"",""local tax impact""]",Pending,/industry/county-taxes/
8469806,,Resources & Tools,Annotated Sample Purchase Agreement for Review,,"[""purchase agreement sample"",""annotated contract"",""offer review sample""]",Pending,/resources/sample-agreement/
8469807,,Community & Careers,Mineral Owner Case Studies and Lessons Learned,,"[""owner case study"",""real examples"",""mineral lessons""]",Pending,/community/case-studies/
8469808,,Lifestyle & Context,Insurance and Liability Considerations Near Wells,,"[""insurance near wells"",""liability coverage"",""landowner insurance""]",Pending,/lifestyle/insurance/
8469809,,Adjacent Topics,Using Remote Sensing to Monitor Well Activity,,"[""remote sensing wells"",""satellite monitoring"",""well surveillance""]",Pending,/adjacent-topics/remote-sensing/
8469810,,Industry Information,Global Energy Trends That Influence Texas Markets,,"[""global trends energy"",""international drivers"",""market linkage""]",Pending,/industry/global-trends/
